股票代码,股票简称,最新价,最新涨跌幅,牛叉诊股综合评分,技术面评分,资金面评分,消息面评分,行业面评分,基本面评分,market_code,code
688041.SH,海光信息,82.39,-4.198,7.7,9.0,8.3,9.9,1.2,6.8,17,688041
300308.SZ,中际旭创,159.5,4.659,7.6,9.0,7.1,8.1,4.5,7.2,33,300308
601058.SH,赛轮轮胎,13.19,-0.827,7.6,8.5,7.6,7.7,4.5,7.7,17,601058
000526.SZ,学大教育,57.38,0.861,7.5,9.0,6.2,7.2,4.5,8.2,33,526
002648.SZ,卫星化学,15.85,-0.377,7.5,8.7,5.6,8.8,4.5,7.9,33,2648
601567.SH,三星医疗,23.85,1.231,7.5,8.8,6.7,8.8,4.5,7.1,17,601567
688676.SH,金盘科技,41.04,-2.286,7.5,8.8,8.0,9.9,1.0,6.9,17,688676
300002.SZ,神州泰岳,10.91,-3.537,7.4,8.8,5.5,9.9,4.5,6.7,33,300002
600066.SH,宇通客车,16.92,0.0,7.4,8.7,7.6,6.6,4.7,7.2,17,600066
600150.SH,中国船舶,32.77,-0.425,7.4,8.7,6.3,8.1,4.5,7.6,17,600150
000528.SZ,柳工,7.78,-0.639,7.3,8.8,6.3,8.1,4.5,6.9,33,528
600028.SH,中国石化,6.25,-0.478,7.3,8.7,6.9,5.5,4.5,8.1,17,600028
600985.SH,淮北矿业,18.83,0.427,7.3,9.0,7.6,5.5,5.3,7.0,17,600985
603129.SH,春风动力,93.12,-3.503,7.3,7.4,7.2,9.9,1.0,8.2,17,603129
603298.SH,杭叉集团,27.31,0.887,7.3,8.0,7.4,9.9,1.0,7.3,17,603298
603871.SH,嘉友国际,23.2,7.457,7.3,8.8,8.3,7.7,1.0,6.9,17,603871
688278.SH,特宝生物,59.34,0.068,7.3,8.2,7.7,8.4,1.6,7.5,17,688278
002154.SZ,报喜鸟,6.81,-0.293,7.2,8.6,6.1,7.7,4.5,7.3,33,2154
002371.SZ,北方华创,255.1,-1.315,7.2,8.4,5.8,7.7,4.8,7.7,33,2371
300017.SZ,网宿科技,8.95,-2.505,7.2,8.9,5.2,8.8,4.5,7.0,33,300017
600027.SH,华电国际,6.27,0.481,7.2,8.8,5.4,8.8,4.9,6.7,17,600027
600282.SH,南钢股份,4.22,3.431,7.2,9.0,7.1,5.5,4.2,7.2,17,600282
600482.SH,中国动力,21.11,-3.695,7.2,8.9,7.8,7.7,4.5,5.3,17,600482
600919.SH,江苏银行,7.61,1.602,7.2,8.8,7.1,5.5,4.1,7.8,17,600919
601577.SH,长沙银行,7.71,0.916,7.2,8.6,7.3,5.5,4.1,7.5,17,601577
688169.SH,石头科技,329.29,1.152,7.2,8.4,7.0,8.8,1.1,7.2,17,688169
000157.SZ,中联重科,8.15,2.904,7.1,8.7,5.0,8.8,4.5,6.9,33,157
002032.SZ,苏泊尔,54.27,-0.239,7.1,7.5,6.9,6.8,4.6,7.9,33,2032
002517.SZ,恺英网络,11.6,-1.778,7.1,8.7,6.1,8.4,4.5,6.2,33,2517
002749.SZ,国光股份,16.01,3.759,7.1,9.1,7.3,7.8,1.0,6.5,33,2749
300394.SZ,天孚通信,128.65,-1.463,7.1,9.0,6.1,8.4,1.1,7.2,33,300394
300750.SZ,宁德时代,158.33,-1.099,7.1,7.9,8.6,7.2,1.0,7.5,33,300750
300896.SZ,爱美客,319.8,-1.296,7.1,8.8,7.4,7.7,1.0,6.9,33,300896
600188.SH,兖矿能源,26.3,4.698,7.1,9.0,6.7,5.5,5.3,6.8,17,600188
600312.SH,平高电气,13.65,2.247,7.1,8.6,5.3,8.1,4.5,7.0,17,600312
600378.SH,昊华科技,31.88,0.6,7.1,8.9,6.8,5.5,4.5,7.3,17,600378
600398.SH,海澜之家,8.3,1.966,7.1,8.6,8.2,5.0,4.5,6.6,17,600398
600489.SH,中金黄金,10.06,0.6,7.1,8.9,5.3,8.8,5.1,6.0,17,600489
600519.SH,贵州茅台,1670.0,-1.5,7.1,7.9,8.3,6.2,5.0,6.7,17,600519
600566.SH,济川药业,35.55,2.155,7.1,8.9,6.5,5.5,4.7,7.3,17,600566
600737.SH,中粮糖业,8.83,0.799,7.1,8.6,5.3,7.7,4.5,7.3,17,600737
600900.SH,长江电力,25.54,1.349,7.1,8.7,7.5,5.5,4.9,6.8,17,600900
601918.SH,新集能源,6.18,-2.06,7.1,9.4,4.8,5.5,5.3,7.8,17,601918
603883.SH,老百姓,30.9,0.0,7.1,8.8,7.9,5.5,1.1,7.7,17,603883
688036.SH,传音控股,159.0,2.054,7.1,8.7,7.3,6.2,1.0,8.2,17,688036
000100.SZ,TCL科技,4.36,0.461,7.0,7.9,6.2,7.7,4.5,7.3,33,100
000932.SZ,华菱钢铁,5.86,1.209,7.0,9.0,6.3,5.5,4.2,7.3,33,932
002078.SZ,太阳纸业,13.65,2.478,7.0,8.7,6.3,5.5,4.5,7.6,33,2078
002138.SZ,顺络电子,25.6,-1.196,7.0,8.8,5.2,5.9,4.8,7.9,33,2138
002463.SZ,沪电股份,26.05,-5.238,7.0,9.0,5.2,5.5,4.8,7.9,33,2463
002601.SZ,龙佰集团,17.62,-0.339,7.0,7.8,7.5,5.5,4.5,7.7,33,2601
003000.SZ,劲仔食品,14.04,1.007,7.0,8.8,6.4,7.0,1.1,7.6,33,3000
300124.SZ,汇川技术,63.0,1.01,7.0,8.0,6.2,7.2,4.7,7.4,33,300124
600050.SH,中国联通,4.74,1.066,7.0,8.6,5.9,5.5,4.5,7.8,17,600050
600131.SH,国网信通,15.7,-0.821,7.0,8.6,6.8,5.5,4.5,7.1,17,600131
600350.SH,山东高速,8.35,1.335,7.0,8.9,7.2,5.5,4.8,6.3,17,600350
600377.SH,宁沪高速,12.58,3.199,7.0,8.8,7.2,5.5,4.8,6.6,17,600377
600406.SH,国电南瑞,22.89,0.881,7.0,8.7,7.0,5.5,4.5,6.8,17,600406
600612.SH,老凤祥,69.01,-0.49,7.0,8.6,6.3,5.5,4.5,7.4,17,600612
600729.SH,重庆百货,30.85,-0.162,7.0,8.7,6.3,7.0,4.5,6.4,17,600729
600886.SH,国投电力,14.79,0.544,7.0,8.9,5.6,6.3,4.9,6.9,17,600886
600887.SH,伊利股份,28.68,1.235,7.0,8.6,6.8,5.5,4.5,7.3,17,600887
601088.SH,中国神华,39.76,-0.126,7.0,9.0,7.1,4.2,5.3,6.8,17,601088
601128.SH,常熟银行,7.16,-1.105,7.0,8.6,6.1,5.5,4.1,7.7,17,601128
601872.SH,招商轮船,6.99,-1.964,7.0,9.3,6.7,5.5,4.0,6.4,17,601872
603993.SH,洛阳钼业,6.03,1.005,7.0,8.8,7.0,5.5,4.6,6.8,17,603993
605098.SH,行动教育,42.22,0.716,7.0,8.6,6.8,8.4,1.0,6.9,17,605098
688111.SH,金山办公,244.66,-0.775,7.0,7.4,7.7,7.7,1.0,7.9,17,688111
000338.SZ,潍柴动力,16.28,3.169,6.9,8.3,5.2,7.7,4.5,7.0,33,338
000543.SZ,皖能电力,7.35,0.685,6.9,8.5,6.1,6.6,4.9,6.7,33,543
000895.SZ,双汇发展,29.78,1.604,6.9,7.9,7.5,5.5,4.5,7.2,33,895
002027.SZ,分众传媒,6.23,0.0,6.9,7.5,7.8,6.2,4.5,6.8,33,2027
002991.SZ,甘源食品,71.62,-3.995,6.9,7.9,6.6,8.4,1.1,7.4,33,2991
300795.SZ,米奥会展,38.97,0.309,6.9,7.8,6.6,7.7,1.0,8.1,33,300795
301030.SZ,仕净科技,45.68,-0.653,6.9,8.6,6.1,8.8,1.0,6.8,33,301030
301589.SZ,诺瓦星云,439.0,0.002,6.9,7.4,6.3,8.4,1.0,8.1,33,301589
600285.SH,羚锐制药,19.72,4.727,6.9,8.9,5.3,5.5,4.7,7.6,17,600285
600546.SH,山煤国际,20.11,6.458,6.9,9.0,4.9,5.5,5.3,7.4,17,600546
600803.SH,新奥股份,18.38,-0.054,6.9,9.0,6.7,5.5,4.5,6.2,17,600803
600809.SH,山西汾酒,223.17,-0.734,6.9,7.7,6.5,5.5,5.0,7.7,17,600809
601098.SH,中南传媒,12.18,2.267,6.9,8.3,7.8,5.5,4.5,6.2,17,601098
601225.SH,陕西煤业,25.62,0.985,6.9,9.4,6.1,5.5,1.9,7.2,17,601225
601288.SH,农业银行,4.15,1.716,6.9,9.0,6.8,5.5,7.6,5.1,17,601288
601328.SH,交通银行,6.35,1.6,6.9,9.0,6.6,5.5,7.6,5.1,17,601328
601398.SH,工商银行,5.35,1.518,6.9,8.4,6.2,5.5,7.6,6.2,17,601398
601728.SH,中国电信,6.02,0.333,6.9,8.6,7.3,5.5,1.0,7.6,17,601728
601816.SH,京沪高铁,5.16,1.177,6.9,8.6,7.3,7.2,1.4,6.7,17,601816
601838.SH,成都银行,12.88,0.312,6.9,9.2,5.6,5.5,4.1,7.2,17,601838
601898.SH,中煤能源,12.81,-1.005,6.9,9.4,6.0,5.5,5.3,6.0,17,601898
601899.SH,紫金矿业,13.1,1.946,6.9,8.7,5.1,6.6,4.7,7.4,17,601899
601998.SH,中信银行,6.37,1.111,6.9,8.6,5.7,5.5,7.6,6.3,17,601998
603195.SH,公牛集团,100.99,0.899,6.9,8.7,7.3,5.5,1.0,7.8,17,603195
603199.SH,九华旅游,34.13,0.589,6.9,9.2,6.2,7.2,1.0,6.9,17,603199
603338.SH,浙江鼎力,58.34,0.673,6.9,7.9,7.0,7.7,1.0,7.4,17,603338
603529.SH,爱玛科技,29.21,-1.318,6.9,8.8,6.7,5.5,1.0,7.9,17,603529
603816.SH,顾家家居,37.53,1.105,6.9,8.2,7.2,5.5,1.0,8.2,17,603816
688408.SH,中信博,79.34,-0.452,6.9,7.7,7.3,8.8,1.0,6.8,17,688408
688475.SH,萤石网络,44.69,-2.89,6.9,8.0,4.9,9.9,1.0,7.6,17,688475
688578.SH,艾力斯,41.13,-0.748,6.9,7.4,7.9,9.9,1.1,6.2,17,688578
000301.SZ,东方盛虹,10.81,1.028,6.8,8.6,5.5,5.5,4.5,7.3,33,301
000423.SZ,东阿阿胶,59.95,2.601,6.8,8.5,4.9,7.7,4.7,6.6,33,423
000425.SZ,徐工机械,6.11,-0.972,6.8,8.7,6.9,5.5,4.5,6.1,33,425
000513.SZ,丽珠集团,38.09,2.724,6.8,8.7,6.3,5.5,4.5,6.8,33,513
000521.SZ,长虹美菱,8.78,8.261,6.8,8.7,3.1,7.7,4.5,7.7,33,521
000538.SZ,云南白药,50.0,0.261,6.8,7.6,7.3,5.5,4.7,7.0,33,538
000708.SZ,中信特钢,14.73,2.15,6.8,8.7,6.3,5.5,4.2,6.6,33,708
000921.SZ,海信家电,27.5,4.563,6.8,7.9,5.7,6.6,4.5,7.5,33,921
000983.SZ,山西焦煤,11.42,0.617,6.8,9.0,5.6,5.5,5.5,6.6,33,983
002270.SZ,华明装备,16.26,0.0,6.8,8.0,4.3,9.9,4.5,6.6,33,2270
002315.SZ,焦点科技,29.88,-2.129,6.8,7.4,5.0,7.7,4.5,7.7,33,2315
002415.SZ,海康威视,33.91,0.325,6.8,7.8,7.1,5.0,4.5,7.4,33,2415
002572.SZ,索菲亚,16.6,2.723,6.8,7.2,6.5,5.5,4.5,8.3,33,2572
300058.SZ,蓝色光标,7.1,-0.56,6.8,7.5,5.5,6.8,4.5,7.8,33,300058
300926.SZ,博俊科技,24.85,-1.779,6.8,7.0,7.2,8.4,1.0,7.4,33,300926
600000.SH,浦发银行,7.1,-0.281,6.8,8.8,6.3,5.5,7.6,5.2,17,600000
600004.SH,白云机场,10.05,-0.495,6.8,8.2,7.0,6.2,5.3,6.0,17,600004
600015.SH,华夏银行,6.2,0.977,6.8,8.6,6.1,5.5,7.6,5.5,17,600015
600019.SH,宝钢股份,6.56,1.863,6.8,8.8,6.9,5.5,4.2,6.3,17,600019
600096.SH,云天化,18.07,4.936,6.8,8.8,5.3,4.7,4.5,7.6,17,600096
600258.SH,首旅酒店,15.29,-0.261,6.8,6.5,7.3,7.7,4.5,7.3,17,600258
600348.SH,华阳股份,10.62,2.807,6.8,9.4,4.9,5.5,5.3,6.6,17,600348
600446.SH,金证股份,12.5,-2.724,6.8,8.9,5.2,7.0,4.5,6.2,17,600446
600582.SH,天地科技,6.05,-0.165,6.8,8.6,6.1,5.0,4.5,7.1,17,600582
600674.SH,川投能源,16.18,-0.062,6.8,8.8,6.1,5.5,4.9,6.6,17,600674
600690.SH,海尔智家,24.05,1.993,6.8,8.3,7.3,5.0,4.5,6.6,17,600690
600741.SH,华域汽车,16.96,-0.118,6.8,8.2,6.7,5.5,4.5,6.7,17,600741
600785.SH,新华百货,17.84,0.338,6.8,8.8,7.0,5.5,4.5,5.8,17,600785
600926.SH,杭州银行,11.11,2.114,6.8,7.6,6.5,5.5,4.1,7.9,17,600926
600998.SH,九州通,7.92,-0.876,6.8,8.1,8.0,5.5,4.6,6.1,17,600998
601138.SH,工业富联,18.49,7.064,6.8,9.0,7.5,5.0,1.0,6.9,17,601138
601168.SH,西部矿业,15.89,1.017,6.8,8.8,5.0,5.5,4.7,7.6,17,601168
601298.SH,青岛港,7.48,2.606,6.8,8.7,7.6,5.5,1.6,6.8,17,601298
601600.SH,中国铝业,5.9,0.0,6.8,8.6,5.1,6.6,4.7,6.8,17,601600
601699.SH,潞安环能,25.04,-1.067,6.8,9.0,5.5,5.5,5.3,6.5,17,601699
601985.SH,中国核电,8.8,2.088,6.8,9.1,7.0,5.5,1.4,6.7,17,601985
601988.SH,中国银行,4.53,0.444,6.8,9.0,5.3,5.5,7.6,5.8,17,601988
603688.SH,石英股份,73.25,-1.546,6.8,7.8,7.0,6.9,1.4,7.4,17,603688
603960.SH,克来机电,25.48,10.017,6.8,8.6,6.9,8.8,1.2,5.8,17,603960
603979.SH,金诚信,42.37,1.729,6.8,8.7,7.5,6.2,1.2,6.4,17,603979
688002.SH,睿创微纳,37.82,-0.735,6.8,6.7,7.4,8.1,1.1,7.8,17,688002
688072.SH,拓荆科技,185.03,-1.47,6.8,7.6,7.1,7.7,1.2,7.2,17,688072
688100.SH,威胜信息,29.48,-1.041,6.8,8.0,7.5,5.5,1.1,7.8,17,688100
688120.SH,华海清科,182.3,-3.047,6.8,7.8,7.0,6.6,1.2,7.6,17,688120
688276.SH,百克生物,52.74,-0.547,6.8,6.6,7.9,8.4,1.6,7.3,17,688276
688617.SH,惠泰医疗,430.0,-0.915,6.8,7.8,7.6,6.6,0.0,7.9,17,688617
688639.SH,华恒生物,111.07,-1.49,6.8,8.4,6.7,5.5,1.0,8.1,17,688639
000630.SZ,铜陵有色,3.37,1.506,6.7,8.6,5.4,5.5,4.7,6.9,33,630
000680.SZ,山推股份,6.34,-1.092,6.7,8.9,5.2,5.8,4.5,6.6,33,680
000951.SZ,中国重汽,15.53,3.258,6.7,7.2,5.8,7.7,4.7,7.0,33,951
002043.SZ,兔宝宝,10.13,0.297,6.7,8.3,5.1,6.6,4.5,6.8,33,2043
002044.SZ,美年健康,5.46,-0.546,6.7,7.7,6.6,5.8,4.8,6.9,33,2044
002223.SZ,鱼跃医疗,36.39,1.45,6.7,8.4,4.2,7.2,3.5,7.7,33,2223
002311.SZ,海大集团,42.66,0.851,6.7,7.5,6.5,5.5,4.5,7.6,33,2311
002372.SZ,伟星新材,14.9,-0.334,6.7,8.7,6.8,5.5,4.5,5.9,33,2372
002608.SZ,江苏国信,7.18,0.42,6.7,7.9,6.1,8.8,4.9,5.2,33,2608
002867.SZ,周大生,18.19,-1.141,6.7,8.7,7.5,5.0,1.0,6.9,33,2867
300476.SZ,胜宏科技,19.78,-3.324,6.7,9.0,5.8,5.5,1.2,7.6,33,300476
300760.SZ,迈瑞医疗,300.09,0.539,6.7,7.5,7.6,5.6,0.0,8.2,33,300760
300893.SZ,松原股份,27.82,1.905,6.7,7.5,6.9,8.4,1.0,6.9,33,300893
600011.SH,华能国际,8.95,-0.445,6.7,7.8,5.5,7.2,4.9,6.6,17,600011
600023.SH,浙能电力,5.65,-1.739,6.7,9.0,7.3,5.8,1.4,6.2,17,600023
600026.SH,中远海能,14.12,0.57,6.7,9.1,3.8,6.8,4.0,7.3,17,600026
600036.SH,招商银行,31.4,-0.696,6.7,7.5,7.0,5.5,7.6,6.0,17,600036
600233.SH,圆通速递,12.47,0.484,6.7,7.5,7.1,5.3,4.5,7.3,17,600233
600480.SH,凌云股份,8.43,-0.824,6.7,5.2,6.7,9.9,4.5,7.4,17,600480
600483.SH,福能股份,8.91,2.768,6.7,8.6,7.1,5.5,4.9,5.6,17,600483
600642.SH,申能股份,7.8,3.311,6.7,8.4,6.2,6.3,4.9,5.9,17,600642
600660.SH,福耀玻璃,41.09,0.268,6.7,8.3,6.2,5.5,4.5,6.6,17,600660
600750.SH,江中药业,24.16,6.62,6.7,8.3,5.3,6.1,4.7,6.9,17,600750
600873.SH,梅花生物,10.75,0.467,6.7,8.6,4.9,5.5,4.5,7.4,17,600873
601000.SH,唐山港,4.36,0.693,6.7,8.6,6.8,5.5,4.0,6.0,17,601000
601021.SH,春秋航空,57.3,2.836,6.7,9.0,5.4,6.6,1.9,6.9,17,601021
601163.SH,三角轮胎,15.3,0.0,6.7,7.0,7.3,8.1,1.0,7.3,17,601163
601166.SH,兴业银行,16.2,0.124,6.7,8.8,6.7,5.5,7.6,4.7,17,601166
601608.SH,中信重工,3.94,-0.253,6.7,8.6,5.6,7.2,4.5,6.0,17,601608
601668.SH,中国建筑,5.19,0.193,6.7,8.1,6.2,5.5,4.5,6.9,17,601668
601717.SH,郑煤机,14.22,3.418,6.7,8.6,5.2,5.5,4.5,7.2,17,601717
601766.SH,中国中车,5.99,0.672,6.7,8.6,6.1,5.5,4.5,6.6,17,601766
601857.SH,中国石油,8.64,-0.116,6.7,8.6,4.9,5.5,3.5,7.7,17,601857
601958.SH,金钼股份,9.74,0.103,6.7,7.0,6.2,7.7,4.6,7.0,17,601958
603179.SH,新泉股份,43.75,-2.3,6.7,6.7,7.5,8.4,1.0,7.4,17,603179
603279.SH,景津装备,20.61,-0.145,6.7,7.4,8.0,7.0,1.0,7.1,17,603279
603383.SH,顶点软件,41.25,0.856,6.7,7.4,6.6,8.8,1.0,7.0,17,603383
603466.SH,风语筑,12.4,-1.431,6.7,7.8,6.1,8.8,1.0,6.9,17,603466
603885.SH,吉祥航空,13.72,1.63,6.7,8.2,7.0,5.7,1.9,7.1,17,603885
603939.SH,益丰药房,39.33,-2.334,6.7,8.2,7.3,5.5,1.1,7.4,17,603939
605108.SH,同庆楼,28.75,-1.474,6.7,7.7,5.7,9.9,1.0,6.5,17,605108
688088.SH,虹软科技,29.21,-5.744,6.7,7.7,7.8,8.1,1.0,5.9,17,688088
688153.SH,唯捷创芯,58.35,1.744,6.7,7.6,7.8,8.4,1.2,5.9,17,688153
000333.SZ,美的集团,61.7,1.815,6.6,8.2,7.4,5.5,1.0,7.1,33,333
000429.SZ,粤高速A,9.91,2.165,6.6,8.8,5.1,5.5,4.8,6.4,33,429
000550.SZ,江铃汽车,23.03,-0.518,6.6,7.9,5.8,6.3,4.7,6.6,33,550
000727.SZ,冠捷科技,2.4,0.0,6.6,6.7,6.2,8.8,4.5,6.3,33,727
000729.SZ,燕京啤酒,8.67,-0.914,6.6,6.8,4.7,9.9,5.0,6.7,33,729
000830.SZ,鲁西化工,10.09,-1.753,6.6,8.7,5.4,4.6,4.5,7.1,33,830
000883.SZ,湖北能源,4.54,0.0,6.6,8.3,6.1,6.7,4.9,5.5,33,883
000933.SZ,神火股份,18.23,1.053,6.6,8.6,5.1,5.5,4.7,7.0,33,933
002128.SZ,电投能源,16.15,0.0,6.6,9.0,4.9,5.5,5.5,6.2,33,2128
002230.SZ,科大讯飞,45.46,-2.321,6.6,8.8,4.5,6.6,4.5,6.6,33,2230
002244.SZ,滨江集团,7.37,0.546,6.6,7.5,5.9,5.5,4.5,7.5,33,2244
002318.SZ,久立特材,21.18,1.388,6.6,8.8,4.7,5.5,4.2,7.0,33,2318
002532.SZ,天山铝业,5.79,-0.516,6.6,7.4,8.0,5.5,4.7,6.1,33,2532
002595.SZ,豪迈科技,30.63,-0.97,6.6,7.5,6.5,5.5,4.5,6.9,33,2595
002701.SZ,奥瑞金,4.26,1.429,6.6,8.3,5.0,5.5,4.5,7.5,33,2701
003816.SZ,中国广核,3.99,2.835,6.6,8.9,7.3,5.5,1.4,6.2,33,3816
300122.SZ,智飞生物,53.2,-1.097,6.6,7.8,5.0,5.5,5.1,7.6,33,300122
300389.SZ,艾比森,16.38,-0.848,6.6,7.4,5.9,6.9,1.0,8.1,33,300389
300705.SZ,九典制药,34.92,1.719,6.6,8.8,6.2,5.5,1.1,7.0,33,300705
301004.SZ,嘉益股份,58.33,-1.37,6.6,7.4,5.3,8.4,1.0,7.9,33,301004
600012.SH,皖通高速,14.43,5.022,6.6,9.0,6.0,5.5,4.8,5.6,17,600012
600025.SH,华能水电,9.36,1.518,6.6,8.8,6.6,5.5,1.4,6.8,17,600025
600060.SH,海信视像,24.7,1.188,6.6,8.4,4.8,5.5,4.5,7.5,17,600060
600062.SH,华润双鹤,19.38,1.36,6.6,8.6,4.9,5.5,4.5,7.0,17,600062
600064.SH,南京高科,6.32,0.0,6.6,8.1,6.8,5.0,4.5,6.4,17,600064
600211.SH,西藏药业,44.39,1.162,6.6,6.8,5.7,7.7,5.1,7.1,17,600211
600295.SH,鄂尔多斯,10.77,0.937,6.6,8.1,6.7,5.5,4.2,6.3,17,600295
600309.SH,万华化学,74.96,0.469,6.6,6.6,6.9,5.5,4.5,7.9,17,600309
600563.SH,法拉电子,102.5,-1.603,6.6,8.1,4.5,5.5,4.8,7.9,17,600563
600761.SH,安徽合力,20.45,1.843,6.6,8.6,4.5,5.5,4.5,7.3,17,600761
600795.SH,国电电力,4.66,0.215,6.6,8.8,4.2,7.2,4.9,6.2,17,600795
600905.SH,三峡能源,4.65,0.216,6.6,8.7,6.6,5.5,1.4,6.7,17,600905
600916.SH,中国黄金,9.87,0.92,6.6,7.4,8.0,5.5,1.0,7.6,17,600916
600941.SH,中国移动,106.0,1.972,6.6,8.6,6.3,5.5,1.0,7.5,17,600941
600976.SH,健民集团,54.39,0.722,6.6,7.5,5.3,5.1,4.7,8.2,17,600976
600989.SH,宝丰能源,14.58,0.552,6.6,7.4,7.6,5.5,1.0,7.9,17,600989
600999.SH,招商证券,14.14,2.39,6.6,8.3,6.4,5.5,5.2,5.9,17,600999
601208.SH,东材科技,11.48,9.962,6.6,7.4,6.3,5.5,4.5,7.2,17,601208
601500.SH,通用股份,5.0,-1.381,6.6,9.2,4.8,7.7,1.0,6.6,17,601500
601601.SH,中国太保,25.98,-1.329,6.6,8.7,7.3,5.5,4.5,5.2,17,601601
601818.SH,光大银行,3.24,1.567,6.6,8.4,6.2,5.5,7.6,5.0,17,601818
601928.SH,凤凰传媒,10.35,0.291,6.6,8.4,7.0,5.5,4.5,5.7,17,601928
601939.SH,建设银行,7.11,0.994,6.6,8.6,4.8,5.5,7.6,6.0,17,601939
601991.SH,大唐发电,2.55,0.394,6.6,7.8,6.3,6.6,4.9,6.2,17,601991
603198.SH,迎驾贡酒,58.61,-4.326,6.6,7.8,7.2,5.5,1.4,7.3,17,603198
603369.SH,今世缘,49.21,-1.304,6.6,7.8,6.9,5.5,1.4,7.5,17,603369
603556.SH,海兴电力,31.8,-1.395,6.6,9.0,6.8,5.5,1.0,6.6,17,603556
603568.SH,伟明环保,17.99,2.624,6.6,7.8,7.3,5.5,1.0,7.5,17,603568
603767.SH,中马传动,15.02,10.037,6.6,7.5,7.3,8.8,1.0,5.8,17,603767
603899.SH,晨光股份,33.85,0.148,6.6,7.4,7.6,5.0,1.0,8.0,17,603899
605499.SH,东鹏饮料,180.35,1.531,6.6,7.8,6.1,6.0,1.4,8.1,17,605499
688006.SH,杭可科技,21.64,-0.231,6.6,6.6,7.6,9.1,1.0,6.7,17,688006
688188.SH,柏楚电子,274.55,-0.813,6.6,8.5,5.1,7.7,1.2,6.9,17,688188
688271.SH,联影医疗,142.6,-0.972,6.6,8.0,8.3,5.5,0.0,6.7,17,688271
688336.SH,三生国健,23.12,0.26,6.6,7.8,6.1,8.1,1.6,6.8,17,688336
688366.SH,昊海生科,103.55,-0.824,6.6,7.9,7.2,7.7,0.0,6.4,17,688366
688819.SH,天能股份,27.85,-1.276,6.6,7.4,8.4,5.5,1.0,7.0,17,688819
000403.SZ,派林生物,27.45,2.425,6.5,7.8,6.2,5.5,5.1,6.4,33,403
000681.SZ,视觉中国,13.33,2.146,6.5,6.6,6.8,7.7,4.5,6.3,33,681
000703.SZ,恒逸石化,7.17,-0.278,6.5,7.5,7.6,6.1,3.5,6.0,33,703
000923.SZ,河钢资源,16.37,1.112,6.5,7.2,6.0,7.0,5.2,6.3,33,923
001323.SZ,慕思股份,32.06,0.818,6.5,7.3,7.1,5.5,1.0,7.7,33,1323
001965.SZ,招商公路,11.17,5.179,6.5,8.5,7.3,5.5,1.4,6.0,33,1965
002064.SZ,华峰化学,6.78,-0.441,6.5,7.8,6.7,5.0,4.5,6.4,33,2064
002156.SZ,通富微电,21.62,-0.735,6.5,7.8,5.9,4.4,4.8,7.2,33,2156
002299.SZ,圣农发展,16.08,-0.741,6.5,6.2,6.5,6.9,4.5,7.5,33,2299
002508.SZ,老板电器,23.71,1.716,6.5,7.6,6.8,6.6,4.8,5.4,33,2508
002563.SZ,森马服饰,5.74,0.175,6.5,4.8,8.3,8.8,4.5,6.4,33,2563
002605.SZ,姚记科技,24.3,-3.264,6.5,8.7,3.3,7.0,4.5,7.0,33,2605
002698.SZ,博实股份,12.86,-0.31,6.5,6.5,6.5,7.2,4.7,6.8,33,2698
002938.SZ,鹏鼎控股,19.48,0.412,6.5,7.2,7.6,5.5,1.2,7.3,33,2938
300001.SZ,特锐德,19.28,-1.027,6.5,7.5,5.3,6.2,4.5,7.3,33,300001
300009.SZ,安科生物,9.76,-0.712,6.5,7.0,5.3,7.2,5.1,7.1,33,300009
300036.SZ,超图软件,16.2,-4.312,6.5,7.2,5.2,6.9,4.5,7.4,33,300036
300146.SZ,汤臣倍健,16.59,-0.778,6.5,7.5,5.1,6.6,4.5,7.2,33,300146
300413.SZ,芒果超媒,23.72,-0.96,6.5,7.3,7.0,8.8,1.0,5.9,33,300413
300699.SZ,光威复材,26.59,-0.858,6.5,9.0,6.6,5.5,1.1,6.3,33,300699
300866.SZ,安克创新,82.52,-0.121,6.5,6.8,7.8,5.5,1.0,7.9,33,300866
301391.SZ,卡莱特,112.26,-3.64,6.5,8.8,4.6,8.1,1.0,6.4,33,301391
600009.SH,上海机场,35.03,-0.652,6.5,8.2,5.7,7.7,5.3,4.8,17,600009
600031.SH,三一重工,14.02,-0.849,6.5,8.6,4.9,5.5,4.5,6.7,17,600031
600039.SH,四川路桥,8.49,1.192,6.5,8.6,5.4,5.5,4.5,6.2,17,600039
600089.SH,特变电工,14.83,-0.135,6.5,8.6,5.5,5.5,4.5,6.1,17,600089
600104.SH,上汽集团,14.63,0.55,6.5,7.9,6.9,5.5,4.7,5.8,17,600104
600123.SH,兰花科创,11.32,1.071,6.5,8.2,4.5,6.4,5.3,6.5,17,600123
600276.SH,恒瑞医药,41.86,0.48,6.5,7.4,7.3,5.5,4.5,6.2,17,600276
600332.SH,白云山,29.54,0.545,6.5,8.6,4.2,5.5,4.7,7.1,17,600332
600461.SH,洪城环境,9.48,1.936,6.5,7.4,6.9,5.5,4.5,6.6,17,600461
600597.SH,光明乳业,9.1,-0.329,6.5,7.5,6.1,7.2,4.5,6.1,17,600597
600655.SH,豫园股份,6.59,-0.152,6.5,7.4,7.0,5.5,4.5,6.6,17,600655
600754.SH,锦江酒店,28.49,1.388,6.5,6.0,7.1,7.7,4.5,6.8,17,600754
600760.SH,中航沈飞,37.25,-0.188,6.5,6.5,6.8,5.5,4.5,7.7,17,600760
600885.SH,宏发股份,25.2,-0.513,6.5,6.7,7.4,5.5,4.5,6.9,17,600885
600933.SH,爱柯迪,19.85,-2.217,6.5,6.6,7.3,7.7,1.0,7.4,17,600933
600938.SH,中国海油,24.48,-0.528,6.5,8.8,6.3,5.5,1.1,6.7,17,600938
600968.SH,海油发展,3.14,-0.318,6.5,8.7,7.0,5.5,1.1,6.4,17,600968
600988.SH,赤峰黄金,13.16,0.076,6.5,6.9,5.4,7.7,5.1,6.6,17,600988
601006.SH,大秦铁路,7.78,2.503,6.5,8.6,7.0,5.5,4.8,4.9,17,601006
601009.SH,南京银行,8.49,1.071,6.5,7.7,5.5,5.5,7.6,6.0,17,601009
601038.SH,一拖股份,15.0,0.671,6.5,8.6,3.1,6.6,4.5,7.4,17,601038
601100.SH,恒立液压,53.38,-4.027,6.5,7.5,7.0,5.0,4.5,6.5,17,601100
601101.SH,昊华能源,7.22,-0.414,6.5,8.9,4.4,5.5,5.3,6.2,17,601101
601238.SH,广汽集团,8.55,-1.498,6.5,7.4,6.9,5.5,4.7,6.3,17,601238
601598.SH,中国外运,6.05,3.596,6.5,8.6,7.1,5.5,1.0,6.3,17,601598
601628.SH,中国人寿,30.59,-1.259,6.5,8.8,5.8,5.5,4.5,5.7,17,601628
601666.SH,平煤股份,13.05,2.273,6.5,9.0,4.1,5.5,5.3,6.6,17,601666
601799.SH,星宇股份,131.0,-2.464,6.5,7.8,6.6,5.5,4.5,6.2,17,601799
601966.SH,玲珑轮胎,20.79,-1.888,6.5,7.8,7.4,6.0,1.0,6.7,17,601966
601989.SH,中国重工,4.39,-0.227,6.5,8.6,5.3,4.6,4.5,6.8,17,601989
603027.SH,千禾味业,14.99,-1.317,6.5,6.6,7.5,7.1,1.1,7.2,17,603027
603658.SH,安图生物,57.03,2.498,6.5,8.1,7.1,5.5,0.0,7.3,17,603658
603848.SH,好太太,13.65,0.516,6.5,5.1,7.1,9.9,1.0,7.8,17,603848
605020.SH,永和股份,31.49,9.99,6.5,7.9,7.1,5.5,1.0,7.1,17,605020
688076.SH,诺泰生物,48.4,5.263,6.5,8.2,6.8,5.5,1.2,6.9,17,688076
688488.SH,艾迪药业,12.6,-1.563,6.5,8.0,7.6,5.5,1.6,6.5,17,688488
000001.SZ,平安银行,9.82,0.102,6.4,7.7,5.4,5.5,6.5,6.3,33,1
000166.SZ,申万宏源,4.46,1.364,6.4,6.8,5.7,9.9,1.6,6.1,33,166
000581.SZ,威孚高科,16.94,-1.911,6.4,7.5,5.2,8.8,4.5,5.4,33,581
000598.SZ,兴蓉环境,6.18,0.325,6.4,8.3,4.8,5.5,4.5,6.8,33,598
000617.SZ,中油资本,6.0,0.334,6.4,7.7,5.6,5.5,4.5,6.8,33,617
000651.SZ,格力电器,37.96,2.65,6.4,8.8,4.5,5.5,4.5,6.5,33,651
000690.SZ,宝新能源,4.96,0.202,6.4,8.6,3.4,8.8,4.9,5.3,33,690
002252.SZ,上海莱士,7.01,0.718,6.4,6.7,6.2,5.9,5.1,6.9,33,2252
002422.SZ,科伦药业,26.09,-0.344,6.4,7.6,4.6,5.7,4.5,7.4,33,2422
002558.SZ,巨人网络,10.14,-0.88,6.4,6.0,7.6,5.5,4.5,7.1,33,2558
002832.SZ,比音勒芬,31.4,-1.134,6.4,7.8,7.0,5.5,1.0,6.8,33,2832
002870.SZ,香山股份,27.8,0.361,6.4,5.1,6.6,9.9,1.0,7.8,33,2870
002966.SZ,苏州银行,7.33,2.089,6.4,7.6,6.5,5.5,3.0,6.8,33,2966
002993.SZ,奥海科技,30.2,1.718,6.4,6.5,7.4,6.6,1.0,7.5,33,2993
300015.SZ,爱尔眼科,14.17,-0.141,6.4,6.8,5.3,5.5,4.8,7.8,33,300015
300130.SZ,新国都,21.78,-1.18,6.4,7.5,2.8,8.8,4.5,7.3,33,300130
300373.SZ,扬杰科技,38.74,-3.077,6.4,8.8,5.2,5.0,1.2,7.3,33,300373
300408.SZ,三环集团,24.34,-1.057,6.4,6.2,7.1,7.7,1.2,7.2,33,300408
300910.SZ,瑞丰新材,43.16,-2.507,6.4,7.6,7.5,5.1,1.0,7.1,33,300910
600030.SH,中信证券,20.99,0.672,6.4,8.1,4.8,5.5,5.2,6.5,17,600030
600109.SH,国金证券,8.79,0.457,6.4,7.3,5.3,5.5,5.2,7.3,17,600109
600160.SH,巨化股份,19.74,7.341,6.4,8.9,5.1,3.9,4.5,6.7,17,600160
600177.SH,雅戈尔,7.3,-0.273,6.4,7.5,7.3,5.5,4.5,5.8,17,600177
600372.SH,中航机载,11.25,-0.706,6.4,6.0,6.8,6.6,4.5,7.3,17,600372
600373.SH,中文传媒,14.86,-0.801,6.4,8.6,6.0,5.6,4.5,5.3,17,600373
600415.SH,小商品城,7.98,0.758,6.4,7.4,6.0,6.1,4.5,6.4,17,600415
600426.SH,华鲁恒升,26.47,-0.824,6.4,7.4,6.2,5.0,4.5,6.8,17,600426
600528.SH,中铁工业,7.67,0.393,6.4,8.5,5.7,5.5,4.5,5.8,17,600528
600551.SH,时代出版,10.76,3.462,6.4,7.4,3.7,9.9,4.5,6.0,17,600551
600585.SH,海螺水泥,24.46,1.326,6.4,8.6,5.9,5.5,4.5,5.6,17,600585
600595.SH,中孚实业,3.34,2.769,6.4,7.4,6.7,5.5,4.7,6.1,17,600595
600598.SH,北大荒,12.24,0.082,6.4,8.6,5.3,5.5,4.5,6.0,17,600598
600728.SH,佳都科技,5.04,-0.787,6.4,6.6,6.2,7.2,4.5,6.7,17,600728
600755.SH,厦门国贸,7.47,2.329,6.4,8.6,5.4,5.5,4.5,6.0,17,600755
600771.SH,广誉远,25.35,1.198,6.4,6.9,4.9,6.6,4.7,7.5,17,600771
600859.SH,王府井,14.62,0.481,6.4,5.2,7.6,8.8,4.5,6.2,17,600859
600970.SH,中材国际,11.51,3.044,6.4,8.2,4.4,5.5,4.5,7.0,17,600970
601019.SH,山东出版,10.1,1.61,6.4,8.6,6.7,6.1,1.0,5.7,17,601019
601137.SH,博威合金,13.89,-0.998,6.4,5.3,7.3,7.0,4.7,7.3,17,601137
601158.SH,重庆水务,5.92,1.544,6.4,6.9,6.6,5.5,4.5,6.9,17,601158
601169.SH,北京银行,5.16,1.177,6.4,7.8,6.1,5.5,7.6,5.1,17,601169
601179.SH,中国西电,5.28,0.571,6.4,8.5,5.3,5.5,4.5,6.1,17,601179
601658.SH,邮储银行,4.84,0.833,6.4,8.3,6.0,5.0,4.1,6.1,17,601658
601800.SH,中国交建,8.45,-0.938,6.4,8.5,4.7,5.5,4.5,6.7,17,601800
603225.SH,新凤鸣,13.26,-0.525,6.4,6.6,7.7,6.2,1.0,7.5,17,603225
603228.SH,景旺电子,19.21,-1.94,6.4,7.4,7.3,5.5,1.2,7.2,17,603228
603288.SH,海天味业,37.81,0.079,6.4,7.9,7.8,5.5,1.1,6.2,17,603288
603379.SH,三美股份,43.18,8.766,6.4,9.0,7.7,5.5,1.0,4.8,17,603379
603605.SH,珀莱雅,93.82,4.757,6.4,7.4,6.9,5.5,1.0,7.6,17,603605
603661.SH,恒林股份,44.6,-3.734,6.4,6.0,9.1,5.5,1.0,7.3,17,603661
603833.SH,欧派家居,66.75,3.2,6.4,5.7,7.1,7.7,1.0,8.1,17,603833
603997.SH,继峰股份,11.07,-3.403,6.4,7.4,7.0,5.5,1.0,7.6,17,603997
605266.SH,健之佳,51.54,-1.735,6.4,7.7,6.3,5.5,1.1,7.6,17,605266
605589.SH,圣泉集团,21.11,0.812,6.4,7.4,7.6,5.5,1.0,7.0,17,605589
688012.SH,中微公司,123.8,-1.41,6.4,5.7,6.8,9.9,1.2,6.9,17,688012
688099.SH,晶晨股份,52.53,-0.549,6.4,6.9,8.2,6.6,1.2,6.5,17,688099
688256.SH,寒武纪,129.3,-3.529,6.4,7.9,7.6,7.2,1.2,5.4,17,688256
688403.SH,汇成股份,8.76,-1.129,6.4,6.6,7.7,5.5,1.2,7.8,17,688403
000028.SZ,国药一致,32.15,3.777,6.3,7.7,6.8,5.5,4.6,5.5,33,28
000032.SZ,深桑达A,17.68,2.671,6.3,6.0,7.2,6.0,3.5,7.1,33,32
000408.SZ,藏格矿业,26.48,0.265,6.3,7.6,6.5,5.5,4.5,5.7,33,408
000811.SZ,冰轮环境,11.05,0.455,6.3,5.1,4.1,9.9,4.5,7.9,33,811
000893.SZ,亚钾国际,23.11,-1.155,6.3,6.7,6.0,5.5,4.5,7.4,33,893
000938.SZ,紫光股份,17.39,-2.028,6.3,6.5,6.3,5.5,4.5,7.1,33,938
000975.SZ,银泰黄金,14.97,3.384,6.3,7.7,6.4,5.5,4.1,5.9,33,975
000988.SZ,华工科技,29.81,-2.582,6.3,7.6,5.1,5.5,4.7,6.8,33,988
000999.SZ,华润三九,56.73,3.089,6.3,6.7,4.7,5.8,4.7,8.0,33,999
002028.SZ,思源电气,56.07,-1.163,6.3,7.6,4.9,5.0,4.5,7.2,33,2028
002088.SZ,鲁阳节能,15.14,3.204,6.3,8.0,5.6,5.5,4.5,6.2,33,2088
002093.SZ,国脉科技,6.67,0.603,6.3,6.0,5.9,8.1,3.5,6.9,33,2093
002275.SZ,桂林三金,13.88,1.834,6.3,6.7,5.5,6.6,4.7,6.9,33,2275
002320.SZ,海峡股份,6.24,0.971,6.3,6.1,5.7,8.1,4.0,6.8,33,2320
002409.SZ,雅克科技,44.81,-0.533,6.3,7.0,5.7,5.5,4.8,7.2,33,2409
002429.SZ,兆驰股份,5.17,-0.193,6.3,6.1,4.8,8.8,4.5,7.1,33,2429
002600.SZ,领益智造,5.17,-0.958,6.3,6.0,6.4,5.5,4.5,7.6,33,2600
002625.SZ,光启技术,13.82,-3.693,6.3,6.8,5.0,8.8,4.5,6.0,33,2625
002831.SZ,裕同科技,26.06,-0.686,6.3,7.4,7.3,5.5,1.0,6.9,33,2831
002847.SZ,盐津铺子,69.59,0.419,6.3,5.5,6.8,7.7,1.1,7.9,33,2847
002984.SZ,森麒麟,30.53,0.197,6.3,7.0,7.6,6.2,1.0,6.5,33,2984
300109.SZ,新开源,17.19,3.243,6.3,6.0,6.3,7.7,4.5,6.6,33,300109
300226.SZ,上海钢联,21.97,1.431,6.3,6.0,4.9,7.2,4.5,8.1,33,300226
300442.SZ,润泽科技,22.41,3.129,6.3,7.0,5.0,7.7,1.0,7.9,33,300442
300492.SZ,华图山鼎,93.85,-2.412,6.3,8.8,7.7,5.1,1.0,4.9,33,300492
300832.SZ,新产业,77.66,2.386,6.3,8.3,6.0,5.5,0.0,7.2,33,300832
300919.SZ,中伟股份,45.07,-2.425,6.3,6.4,8.3,6.1,1.0,6.8,33,300919
300938.SZ,信测标准,30.92,-0.897,6.3,7.4,7.4,6.2,1.0,6.1,33,300938
300979.SZ,华利集团,59.97,2.007,6.3,8.4,6.0,5.5,1.0,6.8,33,300979
301236.SZ,软通动力,37.21,-2.027,6.3,7.9,6.9,5.5,1.0,6.4,33,301236
301301.SZ,川宁生物,8.68,0.115,6.3,6.3,7.5,6.9,1.1,7.1,33,301301
600010.SH,包钢股份,1.51,-0.658,6.3,8.8,5.4,6.0,4.2,5.1,17,600010
600016.SH,民生银行,4.08,1.746,6.3,8.0,5.9,5.5,7.6,4.6,17,600016
600021.SH,上海电力,8.28,0.0,6.3,6.6,6.9,6.2,4.9,6.2,17,600021
600048.SH,保利发展,9.86,0.51,6.3,6.9,6.7,5.0,4.5,6.8,17,600048
600167.SH,联美控股,5.85,-1.846,6.3,7.8,7.0,5.5,4.9,5.1,17,600167
600298.SH,安琪酵母,33.17,-0.837,6.3,6.6,6.4,5.5,4.5,7.1,17,600298
600323.SH,瀚蓝环境,16.45,-0.182,6.3,7.4,5.0,5.5,4.5,7.2,17,600323
600438.SH,通威股份,25.65,-1.346,6.3,6.9,6.3,5.5,4.5,6.9,17,600438
600663.SH,陆家嘴,9.13,0.22,6.3,6.8,6.8,5.5,4.5,6.3,17,600663
600704.SH,物产中大,4.52,-0.221,6.3,7.8,6.1,5.5,4.5,6.0,17,600704
600707.SH,彩虹股份,6.54,-0.608,6.3,6.1,6.3,6.6,4.5,6.9,17,600707
600720.SH,中交设计,9.55,-1.546,6.3,7.4,5.1,6.6,4.5,6.4,17,600720
600801.SH,华新水泥,14.2,3.65,6.3,7.5,5.8,5.5,4.5,6.6,17,600801
600839.SH,四川长虹,4.67,2.637,6.3,5.6,5.1,7.7,4.5,7.8,17,600839
600862.SH,中航高科,18.84,-0.37,6.3,6.6,6.0,5.0,4.5,7.7,17,600862
600867.SH,通化东宝,10.42,0.579,6.3,7.8,5.1,5.5,5.1,6.6,17,600867
600875.SH,东方电气,15.06,-0.265,6.3,8.6,4.4,5.5,4.5,6.3,17,600875
600961.SH,株冶集团,9.87,-0.604,6.3,8.5,3.5,5.8,4.7,6.9,17,600961
601077.SH,渝农商行,4.44,1.37,6.3,8.4,5.7,5.5,4.1,5.5,17,601077
601118.SH,海南橡胶,4.32,-0.461,6.3,7.8,4.8,6.2,4.5,6.3,17,601118
601231.SH,环旭电子,13.79,-1.99,6.3,7.3,6.4,5.5,4.5,6.4,17,601231
601318.SH,中国平安,42.35,-0.889,6.3,8.6,6.0,5.5,4.5,5.0,17,601318
601611.SH,中国核建,7.01,-0.285,6.3,8.6,6.4,5.5,1.0,6.2,17,601611
601633.SH,长城汽车,21.62,-2.083,6.3,6.5,7.4,5.5,4.7,6.3,17,601633
603056.SH,德邦股份,14.46,-0.891,6.3,7.4,6.6,5.5,1.0,7.3,17,603056
603100.SH,川仪股份,25.55,-2.295,6.3,7.5,5.3,5.5,1.0,8.2,17,603100
603187.SH,海容冷链,14.33,-0.83,6.3,7.4,7.1,5.5,1.0,7.0,17,603187
603596.SH,伯特利,55.5,-2.7,6.3,6.6,7.0,6.4,1.0,7.4,17,603596
603666.SH,亿嘉和,23.21,0.086,6.3,7.4,7.6,7.2,1.2,5.3,17,603666
603801.SH,志邦家居,14.7,-0.136,6.3,6.0,7.4,5.5,1.0,8.3,17,603801
603927.SH,中科软,26.28,-1.314,6.3,7.4,7.0,5.0,1.0,7.3,17,603927
605186.SH,健麾信息,36.28,-4.021,6.3,7.7,8.0,5.0,1.2,5.9,17,605186
688018.SH,乐鑫科技,90.3,-1.613,6.3,7.7,5.9,5.0,1.2,7.8,17,688018
688019.SH,安集科技,144.0,-0.792,6.3,7.6,6.9,5.5,1.1,6.8,17,688019
688082.SH,盛美上海,85.8,-1.061,6.3,7.5,6.5,5.5,1.2,7.2,17,688082
688147.SH,微导纳米,35.38,0.569,6.3,7.3,5.8,7.7,1.0,6.7,17,688147
688198.SH,佰仁医疗,122.33,-1.593,6.3,8.9,6.3,5.5,0.0,6.2,17,688198
688281.SH,华秦科技,112.9,0.089,6.3,7.4,7.3,5.5,1.1,6.6,17,688281
688305.SH,科德数控,66.45,-2.879,6.3,7.3,6.3,7.7,1.0,6.3,17,688305
688390.SH,固德威,106.6,-2.914,6.3,6.1,8.0,5.5,1.0,7.8,17,688390
688563.SH,航材股份,50.66,0.756,6.3,7.4,7.4,5.5,1.1,6.8,17,688563
689009.SH,九号公司,27.22,-3.097,6.3,6.8,7.9,5.5,1.0,7.0,17,689009
000534.SZ,万泽股份,11.06,-1.162,6.2,5.9,4.4,7.7,5.1,7.5,33,534
000683.SZ,远兴能源,5.89,0.341,6.2,6.7,5.6,4.4,4.5,7.7,33,683
000725.SZ,京东方A,3.96,0.253,6.2,8.6,5.4,3.9,4.5,6.2,33,725
000758.SZ,中色股份,4.5,0.0,6.2,7.7,3.2,7.7,4.7,6.4,33,758
000786.SZ,北新建材,29.06,1.113,6.2,7.3,5.0,5.5,4.5,7.0,33,786
000878.SZ,云南铜业,10.92,0.46,6.2,6.7,5.8,5.5,4.7,6.8,33,878
000937.SZ,冀中能源,7.94,2.188,6.2,8.2,5.0,5.5,5.5,5.5,33,937
000950.SZ,重药控股,4.99,0.201,6.2,6.3,7.1,5.5,4.6,6.6,33,950
000972.SZ,中基健康,4.05,2.273,6.2,8.5,2.6,6.9,4.5,6.4,33,972
000977.SZ,浪潮信息,33.38,0.542,6.2,6.9,5.3,5.5,4.5,7.1,33,977
000998.SZ,隆平高科,13.57,-0.221,6.2,6.9,5.0,6.4,4.5,6.7,33,998
002003.SZ,伟星股份,10.8,1.124,6.2,7.2,4.9,5.5,4.5,7.3,33,2003
002053.SZ,云南能投,9.47,-1.148,6.2,5.8,6.4,5.8,4.5,7.5,33,2053
002085.SZ,万丰奥威,6.29,-2.329,6.2,8.8,3.9,5.5,4.5,5.9,33,2085
002120.SZ,韵达股份,7.12,2.446,6.2,6.0,7.7,5.5,4.5,6.2,33,2120
002180.SZ,纳思达,20.55,2.801,6.2,6.4,7.1,4.2,4.5,7.0,33,2180
002236.SZ,大华股份,17.82,-1.656,6.2,6.6,5.3,5.9,4.5,7.4,33,2236
002304.SZ,洋河股份,97.29,-0.725,6.2,6.2,7.1,5.5,5.0,6.4,33,2304
002335.SZ,科华数据,22.06,-0.451,6.2,6.0,4.9,7.0,4.5,7.6,33,2335
002373.SZ,千方科技,9.68,-0.514,6.2,6.3,5.7,6.1,4.5,7.3,33,2373
002472.SZ,双环传动,22.29,0.405,6.2,6.1,5.9,6.2,4.5,7.3,33,2472
002545.SZ,东方铁塔,6.85,-0.146,6.2,5.4,8.1,5.5,4.5,6.8,33,2545
002705.SZ,新宝股份,13.58,-0.731,6.2,6.8,6.8,5.5,1.1,7.3,33,2705
002884.SZ,凌霄泵业,18.94,-0.211,6.2,8.7,5.6,5.0,1.0,6.5,33,2884
002948.SZ,青岛银行,3.26,0.0,6.2,7.2,5.5,5.0,3.0,7.6,33,2948
003006.SZ,百亚股份,14.85,-1.851,6.2,6.4,7.7,5.0,1.0,7.6,33,3006
003012.SZ,东鹏控股,7.79,0.129,6.2,5.2,5.8,7.7,4.5,7.6,33,3012
300049.SZ,福瑞股份,39.5,2.918,6.2,6.1,5.3,7.7,3.5,7.1,33,300049
300224.SZ,正海磁材,10.27,-0.964,6.2,7.2,5.1,5.0,4.7,7.1,33,300224
300236.SZ,上海新阳,31.35,0.16,6.2,5.7,5.3,8.4,4.7,6.8,33,300236
300253.SZ,卫宁健康,6.6,-0.151,6.2,6.8,5.2,7.0,4.5,6.6,33,300253
300349.SZ,金卡智能,11.25,0.897,6.2,6.0,4.8,6.4,4.5,8.1,33,300349
300502.SZ,新易盛,63.0,-4.372,6.2,9.0,5.5,5.5,1.1,5.9,33,300502
300627.SZ,华测导航,26.16,-1.58,6.2,6.6,6.4,6.9,1.1,7.2,33,300627
300811.SZ,铂科新材,51.9,-2.278,6.2,7.4,7.3,5.5,1.1,6.5,33,300811
600057.SH,厦门象屿,6.81,1.039,6.2,6.5,6.5,5.5,4.5,6.5,17,600057
600079.SH,人福医药,21.64,-1.232,6.2,6.6,6.9,4.4,4.5,6.8,17,600079
600129.SH,太极集团,40.79,1.569,6.2,7.7,2.9,6.6,4.7,7.6,17,600129
600170.SH,上海建工,2.42,0.0,6.2,6.1,7.0,5.5,4.5,6.9,17,600170
600529.SH,山东药玻,26.21,1.984,6.2,6.3,6.2,5.5,3.5,7.6,17,600529
600535.SH,天士力,16.38,2.889,6.2,6.6,5.2,6.9,4.7,6.9,17,600535
600601.SH,方正科技,2.42,-0.82,6.2,5.8,6.0,7.2,4.8,7.0,17,600601
600673.SH,东阳光,7.35,-2.261,6.2,8.0,7.1,4.4,4.5,5.0,17,600673
600699.SH,均胜电子,15.54,-0.448,6.2,5.7,5.2,7.7,4.5,7.3,17,600699
600710.SH,苏美达,7.8,4.418,6.2,6.9,5.4,5.5,4.5,7.3,17,600710
600821.SH,金开新能,5.66,-1.222,6.2,6.6,7.0,5.5,4.9,6.0,17,600821
600845.SH,宝信软件,42.73,-2.22,6.2,5.7,6.4,5.5,4.5,7.6,17,600845
600863.SH,内蒙华电,4.29,1.659,6.2,8.6,5.3,3.8,4.9,6.0,17,600863
600897.SH,厦门空港,12.95,-0.154,6.2,5.4,6.1,8.8,5.3,6.2,17,600897
600995.SH,南网储能,9.22,-1.073,6.2,6.7,8.3,5.5,4.9,4.7,17,600995
601216.SH,君正集团,3.87,0.259,6.2,7.8,6.0,3.3,4.5,6.7,17,601216
601669.SH,中国电建,5.02,0.601,6.2,6.9,5.5,5.5,4.5,7.0,17,601669
601868.SH,中国能建,2.15,-0.463,6.2,8.5,4.7,5.5,1.0,7.2,17,601868
601869.SH,长飞光纤,25.69,-1.872,6.2,7.3,7.6,5.0,1.1,6.6,17,601869
601877.SH,正泰电器,19.4,-0.97,6.2,6.0,7.1,5.5,4.5,7.0,17,601877
601880.SH,辽港股份,1.46,-0.68,6.2,7.8,6.7,5.5,4.0,5.1,17,601880
603233.SH,大参林,24.62,-0.405,6.2,6.6,7.8,5.5,1.1,7.0,17,603233
603365.SH,水星家纺,16.13,-0.555,6.2,8.6,5.5,5.5,1.0,6.5,17,603365
603505.SH,金石资源,27.29,3.685,6.2,6.6,6.6,6.4,1.0,7.3,17,603505
603518.SH,锦泓集团,9.66,0.104,6.2,5.1,7.6,7.3,1.0,7.8,17,603518
603619.SH,中曼石油,19.31,0.052,6.2,6.1,6.3,7.7,1.1,7.5,17,603619
603638.SH,艾迪精密,15.69,-0.064,6.2,8.3,6.2,5.5,1.0,6.1,17,603638
603690.SH,至纯科技,25.0,-0.12,6.2,6.0,6.7,7.7,1.2,7.0,17,603690
603712.SH,七一二,27.8,0.506,6.2,6.5,7.6,5.5,1.1,7.2,17,603712
603786.SH,科博达,59.51,-0.817,6.2,7.5,7.4,5.5,1.0,6.1,17,603786
603882.SH,金域医学,59.81,-0.383,6.2,7.6,7.7,4.7,1.2,6.3,17,603882
605368.SH,蓝天燃气,11.66,0.0,6.2,7.7,7.0,5.5,1.0,6.1,17,605368
688083.SH,中望软件,80.65,-1.382,6.2,6.6,6.8,7.7,1.0,6.5,17,688083
688127.SH,蓝特光学,19.67,-0.857,6.2,6.6,6.2,7.7,1.0,7.0,17,688127
688253.SH,英诺特,31.65,0.893,6.2,8.7,8.0,4.4,0.0,5.4,17,688253
688375.SH,国博电子,64.84,0.031,6.2,7.3,6.6,5.5,1.1,7.1,17,688375
688677.SH,海泰新光,53.95,-3.159,6.2,7.9,7.2,5.5,0.0,6.3,17,688677
000012.SZ,南玻A,5.68,-0.873,6.1,7.1,5.1,5.5,4.5,6.6,33,12
000034.SZ,神州数码,26.29,-1.866,6.1,7.0,5.2,5.5,3.5,7.0,33,34
000063.SZ,中兴通讯,24.29,-1.66,6.1,6.6,5.5,5.5,3.5,7.3,33,63
000089.SZ,深圳机场,6.5,-0.612,6.1,6.3,6.5,5.8,5.5,5.8,33,89
000426.SZ,兴业银锡,8.9,-0.447,6.1,5.2,4.6,8.8,4.7,7.2,33,426
000589.SZ,贵州轮胎,5.63,-0.53,6.1,6.1,4.7,6.4,4.5,7.6,33,589
000596.SZ,古井贡酒,218.11,-1.455,6.1,6.6,5.1,5.5,5.0,7.3,33,596
000629.SZ,钒钛股份,3.07,-1.603,6.1,7.0,5.2,5.5,4.2,7.0,33,629
000686.SZ,东北证券,6.88,1.177,6.1,5.6,3.8,8.8,5.2,7.3,33,686
000800.SZ,一汽解放,8.15,-0.488,6.1,6.1,5.6,6.2,4.7,7.2,33,800
000963.SZ,华东医药,33.26,2.181,6.1,6.9,3.9,6.3,4.5,7.3,33,963
001872.SZ,招商港口,18.16,2.137,6.1,8.2,5.6,5.5,1.6,6.2,33,1872
002045.SZ,国光电器,12.03,0.167,6.1,5.1,5.1,8.1,4.5,7.6,33,2045
002056.SZ,横店东磁,13.25,-0.898,6.1,6.4,5.1,5.8,4.5,7.5,33,2056
002179.SZ,中航光电,34.14,-0.059,6.1,5.9,5.4,5.5,4.5,7.7,33,2179
002226.SZ,江南化工,4.37,-0.456,6.1,5.8,5.9,6.2,4.5,7.1,33,2226
002294.SZ,信立泰,29.36,-0.677,6.1,6.7,6.2,5.5,4.5,6.3,33,2294
002327.SZ,富安娜,10.51,-1.5,6.1,8.7,3.9,4.8,4.5,6.0,33,2327
002430.SZ,杭氧股份,26.65,-1.223,6.1,6.7,5.4,5.5,4.5,7.1,33,2430
002468.SZ,申通快递,7.81,1.693,6.1,5.8,6.9,5.5,4.5,7.0,33,2468
002555.SZ,三七互娱,18.38,-1.183,6.1,6.2,6.1,5.5,4.5,6.9,33,2555
002557.SZ,洽洽食品,33.95,0.384,6.1,6.7,6.0,5.5,4.5,6.6,33,2557
002612.SZ,朗姿股份,17.0,-1.048,6.1,5.2,6.1,6.2,4.5,7.7,33,2612
002624.SZ,完美世界,10.69,-1.475,6.1,6.7,6.8,3.9,4.5,6.6,33,2624
002635.SZ,安洁科技,12.73,0.236,6.1,6.7,2.7,8.1,4.5,7.4,33,2635
002683.SZ,广东宏大,17.82,1.02,6.1,6.3,5.3,5.9,4.5,7.3,33,2683
002687.SZ,乔治白,4.65,0.649,6.1,5.1,4.3,9.9,4.5,6.9,33,2687
002752.SZ,昇兴股份,4.39,-1.348,6.1,5.1,7.1,7.7,1.0,7.5,33,2752
002841.SZ,视源股份,36.66,0.466,6.1,6.0,7.3,5.5,1.0,7.5,33,2841
002959.SZ,小熊电器,50.56,-0.999,6.1,6.6,6.6,5.5,1.1,7.6,33,2959
300129.SZ,泰胜风能,8.49,-1.394,6.1,7.4,4.0,6.1,4.5,6.8,33,300129
300232.SZ,洲明科技,6.03,-1.148,6.1,6.0,5.4,6.6,4.5,7.2,33,300232
300274.SZ,阳光电源,82.88,-2.94,6.1,6.2,5.3,6.6,4.5,7.1,33,300274
300285.SZ,国瓷材料,19.26,-1.129,6.1,5.4,6.8,5.7,4.7,7.1,33,300285
300395.SZ,菲利华,28.42,0.353,6.1,6.4,6.8,5.5,1.1,7.7,33,300395
300406.SZ,九强生物,19.52,-1.165,6.1,6.5,6.7,6.8,0.0,7.1,33,300406
300418.SZ,昆仑万维,37.9,-1.558,6.1,7.6,6.1,5.5,1.0,6.7,33,300418
300601.SZ,康泰生物,23.53,-0.297,6.1,6.9,6.4,5.9,1.6,6.8,33,300601
300724.SZ,捷佳伟创,60.55,-1.577,6.1,5.2,7.2,7.7,1.0,7.3,33,300724
301035.SZ,润丰股份,65.03,-0.459,6.1,7.6,6.8,5.5,1.0,6.2,33,301035
600007.SH,中国国贸,18.98,0.106,6.1,6.6,6.0,5.0,4.5,6.8,17,600007
600094.SH,大名城,2.72,-0.366,6.1,5.1,8.0,5.5,4.5,6.7,17,600094
600114.SH,东睦股份,14.28,4.692,6.1,7.7,4.7,5.0,4.5,6.6,17,600114
600313.SH,农发种业,6.69,-0.446,6.1,7.3,5.4,5.5,4.5,6.2,17,600313
600325.SH,华发股份,7.37,3.077,6.1,6.9,4.6,5.5,4.5,7.2,17,600325
600346.SH,恒力石化,12.73,1.273,6.1,5.7,5.7,5.9,4.5,7.6,17,600346
600422.SH,昆药集团,20.1,0.249,6.1,6.8,5.3,5.5,4.7,6.7,17,600422
600486.SH,扬农化工,52.7,-0.397,6.1,6.6,5.5,5.5,4.5,7.1,17,600486
600487.SH,亨通光电,11.77,-0.675,6.1,7.5,2.7,6.0,3.5,8.1,17,600487
600497.SH,驰宏锌锗,5.0,0.0,6.1,6.6,5.4,5.8,4.7,6.9,17,600497
600498.SH,烽火通信,14.96,-2.477,6.1,7.4,5.5,5.5,3.5,6.3,17,600498
600507.SH,方大特钢,4.48,-1.104,6.1,7.1,4.9,5.5,4.2,6.8,17,600507
600511.SH,国药股份,31.94,2.372,6.1,8.6,5.4,5.0,4.6,5.0,17,600511
600572.SH,康恩贝,4.88,1.245,6.1,6.7,4.1,6.2,4.7,7.6,17,600572
600600.SH,青岛啤酒,76.14,-0.601,6.1,7.6,4.6,5.5,5.0,6.4,17,600600
600871.SH,石化油服,1.8,-1.099,6.1,5.4,7.5,5.5,4.7,6.6,17,600871
600918.SH,中泰证券,6.74,1.353,6.1,5.5,5.9,7.7,1.6,8.0,17,600918
601186.SH,中国铁建,8.47,-0.47,6.1,8.5,3.8,5.5,4.5,5.9,17,601186
601233.SH,桐昆股份,12.93,1.174,6.1,4.9,6.2,8.8,4.5,6.5,17,601233
601360.SH,三六零,7.78,0.0,6.1,6.2,7.2,7.2,1.0,6.4,17,601360
601607.SH,上海医药,17.8,0.907,6.1,8.2,5.3,5.3,4.6,5.3,17,601607
601702.SH,华峰铝业,15.88,-1.305,6.1,7.5,6.2,6.9,1.2,5.9,17,601702
603083.SH,剑桥科技,44.94,-3.105,6.1,8.7,5.5,5.5,1.1,5.9,17,603083
603156.SH,养元饮品,25.1,1.169,6.1,7.8,7.0,5.5,1.4,5.7,17,603156
603160.SH,汇顶科技,58.04,0.781,6.1,6.5,6.3,6.8,1.2,7.0,17,603160
603558.SH,健盛集团,9.88,-2.852,6.1,7.4,6.4,6.0,1.0,6.5,17,603558
603806.SH,福斯特,23.62,-2.154,6.1,6.9,7.7,5.5,1.0,6.2,17,603806
603920.SH,世运电路,14.42,-2.171,6.1,6.0,7.1,5.5,1.2,7.7,17,603920
603983.SH,丸美股份,30.22,0.733,6.1,7.8,4.2,7.7,1.0,6.8,17,603983
605305.SH,中际联合,34.47,-1.514,6.1,8.2,5.4,5.5,1.0,6.4,17,605305
605318.SH,法狮龙,16.82,0.538,6.1,8.2,8.3,5.0,1.0,4.7,17,605318
688208.SH,道通科技,19.47,0.309,6.1,4.8,7.4,8.1,1.0,7.5,17,688208
688235.SH,百济神州,116.79,0.508,6.1,6.6,6.7,5.5,1.6,7.0,17,688235
688266.SH,泽璟制药,44.55,0.998,6.1,6.9,7.5,6.3,1.1,5.7,17,688266
688332.SH,中科蓝讯,66.75,-2.668,6.1,7.5,4.2,8.4,1.2,6.6,17,688332
688520.SH,神州细胞,42.57,-0.723,6.1,4.8,7.9,7.4,1.6,7.1,17,688520
688596.SH,正帆科技,33.94,-1.194,6.1,4.9,7.0,8.8,1.0,7.3,17,688596
688628.SH,优利德,33.01,-2.625,6.1,7.4,6.0,5.0,1.0,7.2,17,688628
688777.SH,中控技术,40.19,-0.765,6.1,6.8,5.4,6.3,1.2,7.5,17,688777
